{
  "project_info": {
    "project_number": "3450686170",
    "project_id": "jobsnjobs-5c150",
    "storage_bucket": "jobsnjobs-5c150.firebasestorage.app"
  },
  "client": [
    {
      "client_info": {
        "mobilesdk_app_id": "1:3450686170:android:200c19a813deb78f9673e3",
        "android_client_info": {
          "package_name": "uk.ac.tees.mad.jobs"
        }
      },
      "oauth_client": [],
      "api_key": [
        {
          "current_key": "AIzaSyBrvp29ZsoiuzNntCSVdZvEnYxX8EC3_Aw"
        }
      ],
      "services": {
        "appinvite_service": {
          "other_platform_oauth_client": []
        }
      }
    }
  ],
  "configuration_version": "1"
}